username,name,gender,age,location,bio,picture,class
artisanalways,Riya,Female,24,Denver," ",artisanalways.jpg,
B.Mike,Mike B.,Male,30,Dublin," ",B.Mike.jpg,
BeardedMatt,Matthew McConville,Male,28,Oregon," ",BeardedMatt.jpg,
casssssssssie,Cassie Reed,Female,21,LA," ",casssssssssie.jpg,
coachmatthews,Eva Matthews,Female,32,NY," ",coachmatthews.jpg,
Jcole9,jcole,Male,20,Charlotte," ",Jcole9.jpg,
k73,Kai,Male,31,Florida," ",john73.jpg,
M.Kapadia92,Mo Kapadia,Male,27,Michigan," ",M.Kapadia92.jpg,
ria_camiii,Valeria Camilo,Female,28,New York," ",ria_camiii.jpg,
Smitty12,Dennis Smith,Male,24,Yo," ",Smitty12.jpg,
sweetpea,Anna,Female,25,Sacramento," ",anna.jpg,
tastyrobot,TastyHae,Female,24,PA," ",earthpulse.jpg,
this_jack,Jack Boy,Male,26,NY," ",this_jack.jpg,
TimBJenkins,Tim Jenkins,Male,33,Austin," ",TimBJenkins.jpg,
lee.alexa,Alexa Lee,Female,25,TX," ",lee.alexa.jpg,
_aikira_,Aikira Walker,Female,21,Indiana," ",_aikira_.jpg,
eliz_kim,Amy,Female,20,Texam," ",eliz_kim.jpg,
CuriousChad,Elijah E,Male,17,NY," ",CuriousChad.jpg,
DebbyRyaz,Debby,Female,19,Florida," ",deb.jpg,
sunnyvibes,Chloe Kim,Female,22,Seattle," ",deb.jpg,
bookishbee,Sara Khan,Female,27,Chicago," ",JuniperQ.jpg,
technoTom,Tom Allen,Male,34,San Jose," ",technoTom.jpg,
lola.art,Lola Martinez,Female,23,Miami," ",JuniperQ.jpg,
jaydenX,Jayden Wright,Male,20,Atlanta," ",genericphoto6.png, 
greengarden,Ashley Park,Female,31,San Francisco," ",images.png,
drums_joe,Joe Daniels,Male,28,Philadelphia," ",drums_joe.jpg,
filmlover,Emma Collins,Female,26,London," ",images.png,
travelerben,Ben Carter,Male,30,Denver," ",imagesllll.jpg,
veganqueen,Karen Li,Female,25,Portland," ",veganqueen.jpg,
rockyroad,Chris Johnson,Male,27,Phoenix," ",rockyroad.jpg,
poetrysoul,Nadia Hassan,Female,24,NY," ",poetrysoul.jpg,
surfskate,Liam Harris,Male,22,San Diego," ",surfskate.jpg,
musicbyella,Ella Brown,Female,28,Boston," ",musicbyella.jpg,
coderkev,Kevin Patel,Male,29,San Francisco," ",coderkev.jpg,
mindfulmaya,Maya Singh,Female,26,Toronto," ",mindfulmaya.jpg,
jaywalker,Jason Reed,Male,21,Chicago," ",jaywalker.jpg,
coffeequeen,Sophia Adams,Female,30,Austin," ",coffeequeen.jpg,
astrofan,Daniel White,Male,33,Seattle," ",astrofan.jpg,
plantmom,Olivia Green,Female,27,LA," ",plantmom.jpg,
urbanhiker,Mark Lopez,Male,25,Denver," ",urbanhiker.jpg,
theaterkid,Lauren Scott,Female,20,New York," ",theaterkid.jpg,
vintagevibe,Clara Nguyen,Female,28,San Jose," ",vintagevibe.jpg,
djflash,Andre Williams,Male,32,Miami," ",djflash.jpg,
medstudent_ryan,Ryan Kim,Male,24,Chicago," ",medstudent_ryan.jpg,
fashionella,Isabella Rossi,Female,23,Rome," ",fashionella.jpg,
futureprof,Adam Zhang,Male,27,Boston," ",futureprof.jpg,
yogajoy,Joyce Patel,Female,29,San Diego," ",imagesllll.png
painterleo,Leo Martinez,Male,30,New York," ",painterleo.jpg,
sciNerd,Sarah O'Neill,Female,28,London," ",sciNerd.jpg,
kpopfan88,Hannah Lee,Female,22,Seoul," ",kpopfan88.jpg,
skaterboyz,Nick Carter,Male,21,LA," ",skaterboyz.jpg,
climberella,Emily Davis,Female,26,Denver," ",climberella.jpg,
meditate_mo,Mohammed Ali,Male,31,Toronto," ",meditate_mo.jpg,
latinbeats,Camila Torres,Female,25,Mexico City," ",latinbeats.jpg,
storyteller_j,Jacob Smith,Male,28,Chicago," ",storyteller_j.jpg,
floraflair,Grace Johnson,Female,27,Austin," ",floraflair.jpg,
cookwithsam,Sam Brown,Male,29,Seattle," ",cookwithsam.jpg,
pinkclouds,Sophie Taylor,Female,23,London," ",pinkclouds.jpg,
runner_ray,Ray Williams,Male,32,Phoenix," ",runner_ray.jpg,
balletdreams,Anna Petrova,Female,24,Moscow," ",balletdreams.jpg,
historybuff,George Harris,Male,34,Washington DC," ",historybuff.jpg,
catlovermia,Mia Chen,Female,25,San Francisco," ",catlovermia.jpg,
gamerguy,Eric Johnson,Male,21,Boston," ",gamerguy.jpg,
frenchrose,Amélie Dubois,Female,27,Paris," ",frenchrose.jpg,
chefantonio,Antonio Ricci,Male,30,Milan," ",chefantonio.jpg,
bookwormjess,Jessica Carter,Female,22,LA," ",bookwormjess.jpg,
guitarhero,David Garcia,Male,28,Madrid," ",guitarhero.jpg,
philosophyfan,Ivan Petrov,Male,33,Berlin," ",philosophyfan.jpg,
swimwithsara,Sara Lopez,Female,24,Miami," ",swimwithsara.jpg,
ecoemma,Emma Wilson,Female,26,Chicago," ",ecoemma.jpg,
soccerstar10,Luis Hernandez,Male,25,NY," ",soccerstar10.jpg,
quietwriter,Ethan Hall,Male,27,Toronto," ",quietwriter.jpg,
skywatcher,Lily Thompson,Female,30,London," ",skywatcher.jpg,
dancerjay,Jay Park,Male,23,Seoul," ",dancerjay.jpg,
filmcritic_alex,Alex Morgan,Male,29,San Francisco," ",filmcritic_alex.jpg,
sweettooth,Nina Patel,Female,28,Houston," ",sweettooth.jpg,
bikebro,Jake Miller,Male,26,Portland," ",bikebro.jpg,
newmommy,Kate Johnson,Female,32,Chicago," ",newmommy.jpg,
engineermax,Maxim Ivanov,Male,31,Berlin," ",engineermax.jpg,
thepoetess,Zara Ahmed,Female,25,Dubai," ",thepoetess.jpg,
latinjazz,Diego Fernandez,Male,29,Buenos Aires," ",latinjazz.jpg,
lawstudent_lucy,Lucy White,Female,23,Boston," ",lawstudent_lucy.jpg,
chesschamp,Victor Zhang,Male,22,Beijing," ",chesschamp.jpg,
artbysofia,Sofia Rossi,Female,27,Florence," ",artbysofia.jpg,
soccerfan21,Chris Evans,Male,24,Liverpool," ",soccerfan21.jpg,
travelgirl,Amira Ali,Female,28,Cairo," ",travelgirl.jpg,
mountainman,Peter Brown,Male,30,Colorado," ",mountainman.jpg,
bloggingbeth,Bethany Clark,Female,29,Toronto," ",bloggingbeth.jpg,
animefan,Kenta Sato,Male,20,Tokyo," ",animefan.jpg,
chefsofia,Sofia Mendes,Female,26,Rio," ",chefsofia.jpg,
meditationmax,Max Müller,Male,31,Vienna," ",meditationmax.jpg,
